Title,Content,Time,Link
Thảo phạm,le3,5 day,https://www.w3schools.com/js/js_json_stringify.asp
项目,le4,3 day,https://www.w3schools.com/js/js_json_stringify.asp
thao,le5,thaole_5@gmail.com,https://www.w3schools.com
thao,le6,thaole_6@gmail.com,https://www.w3schools.com
thao,le7,thaole_7@gmail.com,https://www.w3schools.com
thao,le8,thaole_8@gmail.com,https://www.google.com
thao,le9,thaole_9@gmail.com,https://playwright.dev/docs/api/class-download
thao,le10,thaole_10@gmail.com,https://www.w3schools.com
thao,le11,thaole_11@gmail.com,https://www.w3schools.com
